module	0	108	12	132	156	204	24	36	48	60	72	84
1_Carrageenan	0.004664995043442767	0.17710908529048208	3.7316264831634073e-4	0.1719650974768893	0.27494632605892166	0.40417314367240903	0.0013454032057138112	0.0017910495074613855	0.006315362553955792	0.012848156353853458	0.022859326000095513	0.08620039030070405
101_Carrageenan	0.0011662487608606917	1.1588380716934487e-4	0	1.0678219483174177e-4	1.214585022737746e-4	1.9697195545239667e-4	2.1371425407635026e-4	1.2679996513000958e-4	1.8830209449868188e-4	3.7585060927361924e-4	4.2980626880402426e-4	3.234536221414786e-4
105_Carrageenan	8.163741326024841e-4	0.0024528739184177997	0	0.005758611221283217	0.009077236890519449	0.02457358233427738	8.969354704758742e-5	0	2.317564239983777e-4	4.648678588384238e-4	2.3878126044668015e-4	0.002070103181705463
127_Carrageenan	0	0.007223423980222497	2.846155792243277e-4	0.006574732281782958	0.009952452568668708	0.018959881603884073	2.4471943083354095e-4	1.0302497166813279e-4	8.690865899939164e-5	2.8683335970881466e-4	4.457250195004696e-4	7.762886931395487e-4
135_Carrageenan	0	0.007455191594561187	5.059832519543603e-5	0.007345089544497666	0.007280365518645666	0.0070137986840143945	0.0011726600780666058	9.430747406544463e-4	0.001361568990990469	0.0051926728912802655	0.0036453939094859837	0.006727835340542755
139_Carrageenan	0.005772931366260423	0.27653739184178	0.038960710400485744	0.5195030051560545	0.4053391728675995	0.23545069312834055	0.05989867951166847	0.12303559116521243	0.12616240331411685	0.20157461623674633	0.16999633868733982	0.4381826219150611
142_Carrageenan	0	0.0014871755253399257	0	7.398480641913537e-4	2.1791084231471326e-4	3.726496454504802e-5	2.214655482656479e-6	0	2.8969552999797213e-5	0.0010583161892704542	7.641000334293764e-4	0.00141241415001779
167_Carrageenan	0	6.180469715698393e-4	1.8974371948288512e-5	0.0016627513195228362	0.002500616223283595	0.00385692383041247	6.865431996235085e-5	0	0	1.384712771008071e-4	0	0
180_Carrageenan	0.003848620910840282	1.5451174289245981e-4	4.364105548106358e-4	2.2881898892516092e-5	5.322740246703651e-4	0.03436628266007964	0.002149323145918113	0.0014898995902776126	5.069671774964512e-4	5.538851084032284e-4	4.934812715898056e-4	0.0070620707500889494
19_Carrageenan	0.979707271561024	0.36671430778739184	0.95133073595264	0.12949629313237943	0.09245849870146572	0.10577926364430058	0.9100096891177366	0.8408739687596586	0.8076856224108462	0.6529514163633486	0.7138604562313949	0.3094157349405384
21_Carrageenan	0	0.0025301297898640295	3.1623953247147516e-5	8.847667571772889e-4	2.393446956571441e-4	4.79120972722046e-5	1.450599341139994e-4	0.0011332746883494606	0.0019409600509864133	0.004421190061718626	0.007004250306435951	0.004517568922575985
218_Carrageenan	0	7.339307787391842e-4	0	0.002799218964517802	0.004983370902115164	0.0038622473967760483	0	0	0	3.066149707232157e-4	2.3878126044668015e-4	1.9407217328488717e-4
256_Carrageenan	0	9.463844252163165e-4	0	0.0015102053269060623	0.0014646466450661056	0.00199101381997828	5.86883702903967e-5	0	0	0	0	0
276_Carrageenan	0	5.794190358467244e-5	0	6.864569667754828e-5	5.358463335607703e-5	8.783884499904176e-5	4.429310965312958e-6	0	1.4484776499898606e-5	2.9672416521601518e-5	4.775625208933603e-5	4.3127149618863816e-5
280_Carrageenan	0	1.3519777503090234e-4	2.5299162597718014e-5	4.5763797785032184e-5	5.965755846976576e-4	3.859585613594259e-4	3.986379868781663e-5	0	0	3.362873872448172e-4	6.367500278578137e-5	2.803264725226148e-4
29_Carrageenan	0	0.00865265760197775	0	0.0070552521585257955	0.011156320664735238	0.011735802048508336	1.2402070702876284e-4	1.426499607712608e-4	0.0013325994379906718	6.132299414464314e-4	0.0014167688119836356	0.00423724245005337
299_Carrageenan	0	3.8627935723114956e-4	0	4.5001067821948316e-4	0.001979059125284445	0.003766423202231639	0	0	3.1866508299776934e-4	0	0	0
334_Carrageenan	0	0.027541718170580966	0.0010372656665064387	0.026985386093907313	0.03254016168270038	0.037150507868231084	0.0022334800542590594	0.004279498823137824	0.005460760740461775	0.008328058237062827	0.006606281539024817	0.01807027569030394
335_Carrageenan	0	0.005369283065512979	2.5299162597718014e-5	0.0033712664368307044	0.003336536503638397	0.0013575094227124636	1.1294742961548044e-4	9.430747406544463e-4	0.001911990497986616	0.00528169014084507	0.006319744026488801	0.01113758638907158
35_Carrageenan	0	0.05817367119901112	3.352139044197637e-4	0.06043872227476584	0.060182687876655316	0.04927759204446243	0.0023718960219250894	0.004271573825317198	0.00799559662794403	0.02111686975787308	0.03709068912271765	0.04616761366699371
368_Carrageenan	8.163741326024841e-4	0.004770550061804697	0	0.0033941483357232205	0.0038080812771718745	0.0048311364749472965	0.00075630484732718765	6.022998343675456e-4	0.0014050233204901648	0.0020375059344833043	0.0030564001337175057	0.00402160670195905
54_Carrageenan	0.003207184092366902	0.022095179233621757	0.007090090318010474	0.013980840223327334	0.04392511011642155	0.011778390579416964	0.01880796168646015	0.01927359469976146	0.0342564964222602	0.07714828295616395	0.01230519428835225	0.027385740007978523
55_Carrageenan	0	0.01998995673671199	0	0.031142264392714402	0.0227448907052095	0.013024105108494282	7.972759737563326e-5	8.875997559100672e-4	0.0024479272284828645	0.004717914226934641	0.012225600534870023	0.02821593763814165
6_Carrageenan	0	0.00857540173053152	0	0.003737376819110962	0.008923627608232029	0.022603862779753413	6.201035351438142e-5	1.0302497166813279e-4	3.1866508299776934e-4	1.9781611014401011e-4	3.502125153217975e-4	0.003504080906532685
60_Carrageenan	0	0	0	5.3391097415870886e-5	1.7861544452025677e-5	3.460318136325888e-5	1.1073277413282396e-6	0	2.8969552999797213e-5	1.9781611014401014e-5	4.775625208933603e-5	5.390893702357977e-5
76_Carrageenan	0	1.738257107540173e-4	0	9.076486560698051e-4	0.0016218282362439316	0.0036572900917782843	7.751294189297678e-6	0	0	0	4.934812715898056e-4	0
1_Alginate	0	0.005117890502416782	0	0.0035743196251239897	0.012681851710317002	0.008316292661447162	0	4.108453505598372e-5	0	2.1399614014369444e-4	0.0018976952491199439	8.087101073787309e-4
102_Alginate	2.3279838205124474e-4	7.511855744288006e-4	7.193736311026328e-5	9.577124354399207e-4	0.001697430747491624	0.0039930213861822115	0	2.4167373562343366e-5	3.533097270093509e-5	3.487344506045391e-4	4.5544685978878653e-4	5.915564674344421e-4
112_Alginate	0	0.002341312047401916	0	7.125836573213696e-4	0	0	2.2728736320141828e-5	2.4167373562343366e-5	2.7872211797404353e-4	0.001561379244752141	0	0.0019244305332993875
115_Alginate	0	0.0015374732785038067	0	0.002895939983354046	3.465958070794415e-4	7.539037871989806e-4	0	0	0	2.1399614014369444e-4	0	8.686145597771555e-4
119_Alginate	0	5.616340743392901e-5	2.954570270600099e-5	5.415635795642408e-4	0.0012086417887898473	0.0025519309610938946	2.6516859040165467e-5	9.666949424937346e-6	1.8450619077154992e-4	3.368457761521116e-4	0	0
122_Alginate	0.004845116326441531	0.007676835753625173	6.024754160484549e-4	0.0024170837656340856	9.953520613563448e-4	1.2009086875735974e-4	0.00207210312785293	0.007641723520412972	0.021096516366091687	0.03298710871400209	0.034538053533982975	0.021131295583544246
13_Alginate	0.004030321989262175	0.2976801002516823	0.002700220308174525	0.28135653125676957	0.241470632670654	0.2334066110023251	0.006864078368682832	0.014379587269594303	0.03137390375843036	0.107854054632422	0.1852150563141065	0.32129004238240005
131_Alginate	0.007551397517787251	3.826132131436414e-4	4.496085194391455e-5	4.560535406856765e-5	0	4.003028958578658e-5	0	6.766864597456143e-5	4.8678229054621686e-4	1.2681252749255966e-4	1.4232714368399578e-4	1.422730744462582e-4
145_Alginate	0.008802688821312693	0.00517054369688609	2.954570270600099e-4	0.006304940199979478	0.006434240110910658	0.010134334980134968	4.659390945629075e-4	8.676087108881268e-4	0.0016173734169761399	0.006709175282653235	0.002438538395119128	0.005458793224806434
148_Alginate	0.001498639584454888	0.05219686678390778	0.05179747063092921	0.03936312123043245	0.027940954293788827	0.021316129204431353	0.041082190898656355	0.05205893939064384	0.06360752785258347	0.0787822827047527	0.05162679925230807	0.053584532670390726
15_Alginate	6.983951461537343e-4	9.40737074518311e-4	5.009923502321907e-5	0.006732490394372299	0.012708512926246189	0.023974807604420677	1.7425364512108736e-4	2.6100763447330837e-4	2.512424725399829e-4	3.88363365445964e-4	3.320966685959902e-4	2.695700357929103e-4
156_Alginate	0.7729779278034018	0.05222143827466012	0.03934074545092523	0.033725159333705776	0.07444700194626876	0.026339930547447567	0.02141804585901365	0.021325290431411785	0.02757386136126312	0.06950119084889099	0.11781840954161171	0.06328156590238569
157_Alginate	0.009399234675319007	0.0013935545469543637	6.962509072457624e-4	8.836037350784982e-4	8.264976938048221e-4	0.0021049260607192777	9.243019436857676e-4	0.0018729714510816108	0.004557695478420627	0.005575788318188483	0.0023816075376455297	0.003601755200455274
207_Alginate	8.875438315703706e-4	0.024455653724511466	5.009923502321907e-5	0.014627917317493074	0.00886041076046675	0.003969670383923836	0.001401605406408746	0.005892005674499313	0.012601380263333517	0.02683670113061294	0.03920638384681804	0.03153969418777051
264_Alginate	0.0035501753262814823	1.0179617597399635e-4	0	8.379983810099306e-4	0.0016529953876096442	0.0025385875312319657	2.6516859040165467e-5	4.108453505598372e-5	2.394654816396712e-4	4.557325206763863e-4	4.459583835431868e-4	1.872014137450766e-4
271_Alginate	0	0.002902946121741206	4.881463925339294e-5	0.002126349633446967	0.002692782808847969	0.002451855237129428	0	5.075148448092107e-5	6.830654722180785e-4	0.004077815337182622	0.0040420908806254804	0.0034594821260090156
29_Alginate	3.055478764422587e-4	3.685723612851592e-4	3.725327732495777e-5	6.897809802870857e-4	5.50998462536548e-4	0.0017646685992400916	0	0	0	3.566602335728241e-5	3.1311971610479075e-4	8.461503901277462e-4
303_Alginate	0.0020224359440701887	0.015034242127469873	0.0017136507569480573	0.010597544151683408	0.011633177217102282	0.008469742104859344	0.0033638529753809905	0.004437129786046242	0.007282106040026067	0.019644053086894323	0.01578882447267793	0.017027840594252167
37_Alginate	0.004670517539903098	0.14244093189133786	0.011200390517114028	0.21142072079262106	0.17535970423824462	0.11391286073128667	0.020997564237091024	0.028406330885178393	0.046919531746841804	0.0836051216409541	0.09260752815705325	0.1050873856199362
4_Alginate	0.014142501709613118	0.23521586054625934	0.0011330134689866466	0.28159025869637094	0.3412813380375568	0.4637509048513375	0.002939583230738343	0.006757197648031205	0.0168803536237801	0.07069005829413373	0.07181827670294427	0.12777619696583947
43_Alginate	0.029725443408168312	7.792672781457651e-4	0.0010328149989402085	0.002063642271602686	9.064813415923856e-4	0.002265047219062424	9.31878189125815e-4	0.0020203924298119054	0.004400668933083138	0.008639103435430628	0.003539201639608695	0.004657571173977506
47_Alginate	0.0013676904945510628	0.022718098307024287	0.0021889511917837254	0.03123966753696884	0.03092701047785786	0.030132800485700845	0.0038297920699438977	0.006902201889405265	0.008620757339028163	0.018316484439706588	0.01780986991299067	0.018824974166204902
494_Alginate	0.001003943022595993	0.0011689009172186477	1.1561361928435169e-5	0.0025653011663569303	0.0024172835775796947	0.004083089537750231	2.6516859040165467e-5	2.9000848274812036e-4	0.00033368140884216477	0.0012403850345365994	3.320966685959902e-4	0.001175624878319081
575_Alginate	0.002720831090223923	4.212255557544676e-5	0	0	0	1.2009086875735974e-4	0	2.7309132125448004e-4	4.200460087777839e-4	6.618028778517958e-4	0	1.872014137450766e-4
6_Alginate	0.10136914548443889	0.08130706289950611	0.8854924176734686	0.040622969136576634	0.02775432578228451	0.021332808491758764	0.8905800752321172	0.8387818677029636	0.7322618888723139	0.41080521992066293	0.29243483788938335	0.15781827984364938
60_Alginate	0.001076692516987007	0.0284221943745327	7.322195888008941e-5	0.010158592618773443	0.005047856882592892	8.172850790431426e-4	2.8410920400177283e-4	0.0015273780091401006	0.003242598161219154	0.012205705771158868	0.029262460741429533	0.02627559043325895
70_Alginate	3.3464767419866433e-4	0.004514133872502045	9.28762741584292e-4	0.003825149072501112	0.003794779733921065	0.004026379960837033	0.0015341897016095734	0.0024578218912903204	0.0024417627799979587	0.01127046338090124	0.007372546042830982	0.006806643403770986
80_Alginate	1.7459878653843357e-4	0.002088576713949235	6.294519272148036e-5	0.0028902393140954746	0.0035903770784639585	0.00587444499671418	7.5762454400472755e-6	3.5284365401021316e-4	6.398831722502689e-4	0.0025758794646926183	0.0021728610602423357	0.0022988333607895407
82_Alginate	0.026175268081886832	2.597557593819217e-4	2.594883455048782e-4	5.7006692585709563e-5	1.5996729557512686e-4	0.0010474592441614154	0	2.2717331148602765e-4	5.574442359480871e-4	8.480587776064928e-4	0	5.765803543348359e-4
87_Alginate	4.364969663460839e-4	0.01071316996802196	1.374517473713959e-4	0.005176207686782428	0.0026127991610604053	3.9029532346141914e-4	0.0010265812571264058	0.003008838008511749	0.011411904182402035	0.02349202071799668	0.02600791338918883	0.022501609932158207
101_Chitin	0.0031274653443029415	1.1657927959692003e-4	4.431820470981648e-4	0	0.0011975745962913005	0.0010640404493788697	0	7.399976977849402e-5	1.2077294685990338e-4	9.337780750703701e-4	2.7044884237625253e-4	8.598301908240088e-4
102_Chitin	0.010396709117547616	0.007344494614605962	8.057855401784815e-4	0.019852591535901094	0.012580836285249662	0.019923695362315013	0.0028882093102276588	1.6170320062707953e-4	9.66183574879227e-4	0.002145893845594408	0.004099525173994461	0.008586643193788237
113_Chitin	0.002687929674292798	3.1846047109402545e-4	0.0010878104792409501	3.037988059386062e-4	0.0026913913295599228	0.0016000211223910546	0	0	1.8115942028985507e-4	1.7957270674430194e-5	2.8585415618249477e-4	6.237412231740267e-4
126_Chitin	0.005082835568578835	0.0071198662466021405	0.004592977579017344	0.007753473873302689	0.008654052214252398	0.009605407332109996	0	0.0013210329271568192	0.00178743961352657	0.004121193619781729	0.0039129497067855274	0.005558292114919948
127_Chitin	9.128817761749127e-4	0.030509650489632976	0.0011885336717632601	0.03175357954245258	0.029113668738260618	0.022849146523386446	0.007475365273530411	0.0034533225896630545	0.00713768115942029	0.014011160443724158	0.01838025107238101	0.028275297224351556
128_Chitin	9.579623577144145e-5	0.00390967096209183	0	0.005243831563375072	0.002930906248818183	0.001919497287092899	0	1.3703661070091485e-4	1.932367149758454e-4	5.656540262445511e-4	0.001768187684649803	0.006212637463530084
14_Chitin	0.002654119238138172	0.001734472208637103	0	0.0029719448407037564	0.002603148990885827	0.0037677065043762955	0.0013591573224600749	8.222196642054891e-4	0.0015458937198067632	0.0018675561501407402	0.0010869304741070909	0.002570746536633138
15_Chitin	0.04674856305646343	0.13036406855999	0.11317257911806773	0.039982564590267874	0.14984809711699673	0.12253627110588919	0.19682296975874958	0.14586999062669584	0.21217391304347827	0.3028942631009513	0.261955379364411	0.06128694719476757
151_Chitin	0	0.002786529122072723	0	0.004477730226660327	0.0018089679428189645	0.004282564786333813	0	2.0555491605137228e-4	2.173913043478261e-4	3.232308721397435e-4	2.0711588561725668e-4	0.0010973764977804722
155_Chitin	0.002721740110447425	0.0011345154282724657	0.0012086783102677222	0.00393617583346542	0.001947634475021115	0.0038865199540587996	0	4.3029495760087263e-4	0.0010144927536231885	0.0014455602892916306	0.0011553985354681674	0.0017546365250035705
166_Chitin	0.0963710131860701	0.0016747608703069732	0.006808887814508169	1.4529508110107254e-4	0.003863753829087196	0.0016158629156820552	0.008749575263336732	0.002589991942247291	0.0012681159420289854	0.0031470116856938913	0.002593227824050776	0.0015987012192100638
167_Chitin	0.019164882226980727	0.02282110483036293	0.0022561995124997483	0.042888466212289325	0.029460335068765994	0.03924804287845384	0.0026333673122663948	0.00455509693969841	0.011195652173913044	0.015411827556329713	0.014944866093588994	0.03150767580612724
170_Chitin	0.005313873548968782	0.0012397211196160276	0	0.002470016378718233	0.0018909072573020536	0.0020462316334209033	0	8.03034538707361e-4	0.0013647342995169083	0.0014769855129718834	7.976529148565423e-4	0.0012401957498156466
172_Chitin	0.008029978586723769	0.0017799665616505351	0.0014504139723212667	0.005072119194801078	0.0037313903210760523	0.004462105110298486	0.0029731566428814137	9.373304171942577e-4	0.00286231884057971	0.0021099793042455477	0.0011793623569445442	0.0028811598089136703
176_Chitin	7.889101769412825e-5	1.2226607372359906e-4	3.4245885457585465e-4	3.170074496750674e-4	1.4496955639315743e-4	2.138642094285073e-4	0	1.6444393284109784e-5	6.038647342995169e-5	1.301902123896189e-4	6.846806136107659e-5	9.764173353425185e-5
181_Chitin	0.06051504564408881	0.0032016650933202914	0.018653935255131846	0.003037988059386062	0.004771389312592181	0.004617882744326658	0.002378525314305131	0.004272801521654525	0.0046014492753623185	0.007631840036632832	0.004020786903429223	0.0061295691230606455
187_Chitin	9.241519215597881e-4	0.0012653116931860833	1.8130174654015834e-4	0.003024779415649601	0.0021934524184703823	0.004726134998481828	0	1.891105227672625e-4	0	5.656540262445511e-4	5.152221617421013e-4	0.0014456805920295198
2_Chitin	0.1872196551335512	0.02853348953061201	0.3166334280131343	0.01946954086754372	0.02013816229026687	0.013484006389523294	0.4987257900101937	0.4794362861982207	0.27849033816425123	0.22495521905625565	0.17744011612183208	0.04787359621791303
202_Chitin	0.0028175363462188663	6.255473539346929e-5	4.0289277008924077e-4	0	1.7648467734819167e-4	2.983537736471769e-4	0.0029731566428814137	1.7814759391118933e-4	2.0531400966183574e-4	1.0325430637797361e-4	1.0783719664369563e-4	4.517751850092249e-5
210_Chitin	0.0019441000788910177	5.772096038579211e-4	0	7.925186241876684e-5	0.0010021808463700885	0.0014468837872447162	0	5.152576562354399e-4	0	6.195258382678416e-4	3.9882645742827117e-4	0.001104663194312879
213_Chitin	0.0015101994815733123	7.5918701591165e-4	0	0	0	0.0012805449576892105	0	0	0	4.264851785177171e-4	5.545912970247204e-4	7.753045110480893e-4
217_Chitin	0.0020906119688943988	0.002485129033358734	7.453516246650954e-4	0.001413324879801342	0.004267147377311634	0.0038574766663586318	0	6.057018192980436e-4	0	0.0035061570991824953	0.001970168465664979	0.002908849255736816
219_Chitin	0.003983996393553477	8.274285454317983e-4	4.431820470981648e-4	0	0.0010399989915161295	9.135434131143645e-4	0.002123683316343867	9.537748104783674e-4	0.0011594202898550724	0.004372595409223752	0.0010852187725730639	0.0019032851342646703
22_Chitin	0.30632255156091515	0.019477269883875666	0.3559557623738442	0.022071643683626564	0.016375256848235785	0.010938758267435874	0.019028202514441046	0.022961854489045294	0.01638888888888889	0.021795637281089648	0.01248343928765829	0.027038016153148874
231_Chitin	0	6.909454863915016e-4	0	0	0.0010210899189431089	1.6369853067367226e-4	0	4.3851715424292756e-5	2.777777777777778e-4	0.001499432101314921	4.159434727685403e-4	7.840485468869775e-4
242_Chitin	0.022574101205905556	0.006917985055105035	0.003243286799218388	0.007845934379457917	0.004897449796412319	0.007429801053479254	6.795786612300374e-4	0.0015814024874885575	0.003248792270531401	0.004161597478799198	0.004120065592402784	0.0048602265871153716
246_Chitin	0	0.0054337317880418096	8.259301786829436e-4	0.003500290590162202	0.008899870157701665	0.011688603149876567	0	6.0296108708402536e-5	7.729468599033816e-4	0.002496060623745797	0.004037903918769492	0.00224284519267483
260_Chitin	0.009990983883692099	0.002516406401055469	0.006305271851896618	0.0046098166640249376	0.003132603022930402	0.003949887127222802	0.0012742099898063201	0.0023460667751996622	0.002367149758454106	0.0036094114055604688	0.0022252119942349894	0.004112611522890428
275_Chitin	9.861377211766032e-4	8.245851483684588e-4	0	0.0016774977545305648	9.517566528420336e-4	0.0017690002508283938	0	1.3429587848689655e-4	0	0	3.714392328838405e-4	0.0014646260030137777
302_Chitin	1.4651189000338105e-4	1.990377944337659e-5	2.0144638504462036e-5	1.3208643736461141e-4	6.303024191006845e-6	1.8482092172833965e-5	0	3.288878656821957e-5	1.4492753623188405e-4	1.7508338907569438e-4	3.5945732214565214e-5	5.683623295277346e-5
33_Chitin	0.002603403583906232	0.0019391967971975478	0.0020144638504462037	0.0033285782215882074	0.0024707854828746835	0.002767033228161428	0	0.0013182921949428008	0	0.002653186742147061	0.0017356653555032917	0.003337307011842339
348_Chitin	6.593035050152147e-4	1.1373588253358052e-4	0	1.1887779362815027e-4	5.420600804265887e-4	4.356493155025149e-4	0	5.481464428036594e-4	0.0012439613526570048	0.0011851798645123928	4.0053815896229806e-4	4.79464631832371e-4
37_Chitin	0.0012115406288741124	0.03181761313876915	0.012247940210712918	0.024171818037723888	0.015480227413112812	0.009103750544561645	0.014186204553177031	0.031951456151025306	0.08264492753623189	0.03709523189570417	0.03433844447411394	0.058870678624621454
38_Chitin	0.00792854727825989	0.012459765931553747	0.004008783062387946	0.008017646748031912	0.011345443543812322	0.01286353615229244	0	0.004437245454495623	0.006195652173913043	0.015797908875829964	0.015167387293012492	0.007779277217997558
4_Chitin	7.438295954017807e-4	6.255473539346928e-4	0	4.3588524330321764e-4	0.0014433925397405675	0.0012858255554528773	0	5.481464428036594e-5	1.0869565217391305e-4	6.868656032969549e-4	5.819785215691511e-4	8.496288156786392e-4
403_Chitin	0.0028344415642961793	0.029400725634930566	0.016156000080578554	0.02932318909494373	0.02133573688655817	0.02210986283647309	0.022256201155283723	0.018642460519752456	0.04118357487922705	0.04326804369003955	0.036733114920217594	0.04147733400176629
41_Chitin	0.004260114955482926	0.07671485276890005	0.025966439032251567	0.02665504306017858	0.037528206033254755	0.015989650028383214	0.1109412164458036	0.22178827295500267	0.20783816425120774	0.12654039712504098	0.1728750081305823	0.06715128056404861
42_Chitin	0.009100642398286937	0.0028291800780228154	0.0017324389113837352	0.005864637818988746	0.004267147377311634	0.005122179830756842	0	0.001586883951916594	5.072463768115942e-4	0.003111097144345031	0.0016380983680637574	0.004297693614813563
44_Chitin	0	2.3031516213050055e-4	1.611571080356963e-4	3.962593120938342e-5	6.933326610107529e-5	0	1.6989466530750936e-4	2.4118443483361015e-4	5.072463768115942e-4	0	3.029711715227639e-4	5.9750911565736207e-5
47_Chitin	0	4.776907066410382e-4	0	0.001981296560469171	0.0012290897172463349	0.0033241362922282803	0	7.399976977849402e-5	6.038647342995169e-5	1.122329417151887e-4	2.670254393081987e-4	3.074985936675692e-4
49_Chitin	0.0034430294150794545	0.0023969837243952093	5.036159626115509e-4	0.004768320388862471	0.003088481853593354	0.005307000752485181	0.004162419300033979	6.63257195792428e-4	0	0.005387181202329058	0.0011622453416042752	0.0026465281805701695
53_Chitin	8.452609038656599e-5	0.1652155863653424	7.252069861606333e-4	0.07794420668885718	0.08023119492732612	0.02885846677843932	0.004672103295956507	0.0038397658318396343	0.03816425120772947	0.01325695507539809	0.04188020143303652	0.19786004296236276
57_Chitin	2.7048348923701117e-4	0.001734472208637103	0	0.003500290590162202	0.002521209676402738	0.002497722742214419	0	1.918512549812808e-5	1.3285024154589372e-4	0.0010460110167855587	0.0010663900556987678	0.002047561725606326
58_Chitin	0.069502986588527	0.05179532090579257	0.0674442497129389	0.0685924869234427	0.056922611468982816	0.05910837106760485	0.05215766224940537	0.026971545718154064	0.0402536231884058	0.06258557761805783	0.05188509689942384	0.07088498386725388
596_Chitin	6.593035050152147e-4	3.6395482410745767e-4	0	3.698420246209119e-4	5.546661288086023e-4	9.980329773330342e-4	0	0	0	0	4.7927642952753616e-5	2.637784144731281e-4
6_Chitin	0.0029584131635298095	0.002138234591631314	6.647730706472473e-4	0.006049558831299202	0.002659876208604889	0.00937042073162682	0	4.659244763831105e-5	2.4154589371980676e-5	8.529703570354341e-5	8.524273639454035e-4	0.0016555374521628372
60_Chitin	3.324692888538262e-4	0.007537845614913049	1.4101246953123427e-4	7.793099804512073e-4	7.878780238758556e-4	2.719507848288426e-4	0	0.0012470331573783253	0.0052053140096618355	0.006783358997266006	0.013289650710184966	0.011919578187711131
64_Chitin	0.002518877493519666	0.05230713237719368	5.841945166293991e-4	0.07527606065409204	0.037042873170547226	0.04844156358499782	0.0016139993204213388	0.0017869574035399298	0.004685990338164251	0.01601788544159173	0.01432009503366917	0.06503376655173117
66_Chitin	0.001977910515045644	0.0020984270327445605	0	0.00799122946055899	0.0026220580634588476	0.008940052013887973	0.0013591573224600749	4.494800830990007e-4	4.710144927536232e-4	8.395024040296115e-4	0.0011485517293320598	0.002293852068401678
70_Chitin	0.039422968556294374	0.0020500892826677886	0.017263955198323966	0.0014529508110107253	0.0011030292334261978	3.1947616470184425e-4	0.0290519877675841	0.0026612509798117664	0.002536231884057971	0.0019797890918559287	6.316178660559315e-4	0.0016074452550489521
75_Chitin	0	7.677172071016685e-4	4.834713241070889e-4	9.642309927616632e-4	7.815749996848488e-4	0.002238973451794743	0	4.3851715424292756e-5	0	2.1548724809316233e-4	4.4504239884699784e-5	8.321407440008627e-4
82_Chitin	0.001076298884255607	3.26990662284044e-4	0	0.002351138585090083	1.4496955639315743e-4	0.001452164385008383	0	2.4666589926164675e-5	0	0	2.892775592505486e-4	6.018811335768062e-4
9_Chitin	0.028350050715654232	0.26495626855316584	0.008319735702342821	0.41402493791937445	0.39138628714057005	0.4517472177850533	0.008494733265375467	0.005212872671062801	0.016992753623188406	0.027860705451378445	0.08405139212685762	0.19606314359747123
90_Chitin	4.508058153950186e-5	0.002362862959635135	0	0.0015586199609024145	0.003038057660065299	0.0010376374605605353	0	1.5622173619904292e-4	0	0.0025185072120888345	0.0012016144768868943	0.0034028872806340007
92_Chitin	0.015541530485743266	7.449700305949524e-4	0.004774279325557503	3.698420246209119e-4	4.412116933704792e-5	7.92089664550027e-4	8.494733265375467e-4	0.0015265878432081915	0.0014734299516908213	0.00439504199756679	0.0015781888143728154	0.0013567828943341562
96_Chitin	6.198579961681506e-5	2.5590573570055618e-5	4.028927700892407e-5	3.962593120938342e-5	1.8909072573020535e-5	1.3201494409167118e-5	0	1.918512549812808e-5	2.4154589371980676e-5	5.836112969189813e-5	2.2252119942349892e-5	2.3317428903701933e-5
1_Carrageenan	0.004664995043442767	0.1378142229698159	3.7316264831634073e-4	0.1718039182815036	0.34355680342101624	0.30317878174597135	0.0013454032057138112	9.247495646677794e-4	0.006441414156337259	0.00898885628091202	0.02241683448071309	0.059920343779478046
101_Carrageenan	0.0011662487608606917	3.504345388281469e-5	0	6.858135653923234e-5	1.5176742089123186e-4	5.0722542619616435e-5	2.1371425407635026e-4	7.423448340223001e-5	4.432165703901783e-5	3.8992755556467666e-4	4.839288780655333e-4	3.1443244942878104e-4
105_Carrageenan	8.163741326024841e-4	0.0014835062143724886	0	0.005753213798568936	0.011342382837782945	0.01265020212933234	8.969354704758742e-5	2.5451822880764573e-5	4.432165703901783e-5	3.488825497157633e-4	2.3415913454783872e-4	0.0020123676763441987
127_Carrageenan	0	0.004368750584057565	2.846155792243277e-4	0.006568569926313142	0.012436001017734469	0.010266242626210367	2.4471943083354095e-4	5.9387586721784004e-5	1.477388567967261e-4	2.77053789480165e-4	4.370970511559656e-4	7.546378786290745e-4
135_Carrageenan	0	0.004508924399588823	5.059832519543603e-5	0.007338205149697861	0.009097117758127368	0.008805433398765413	0.0011726600780666058	4.0086621037204205e-4	0.0013887452538892254	0.004381554374371498	0.003574829454097004	0.006540194948118646
139_Carrageenan	0.005772931366260423	0.4747336697504906	0.038960710400485744	0.5190160861381838	0.34019113767536946	0.3430213389736801	0.05989867951166847	0.07737142057228424	0.12868054426994843	0.20912430480021343	0.16670569318909131	0.30826957341997696
142_Carrageenan	0	0.0022427810485001402	0	7.391546204783931e-4	2.7228860806956305e-4	0	2.214655482656479e-6	8.908138008267601e-5	2.9547771359345223e-5	7.182876023559833e-5	7.493092305530839e-4	0.0013730216958390106
167_Carrageenan	0	3.7379684141669004e-4	1.8974371948288512e-5	0.001661192858394739	0.0031246233712900677	0.0029774132517714847	6.865431996235085e-5	0	0	1.4365752047119666e-4	0	0
180_Carrageenan	0.003848620910840282	9.344921035417251e-5	4.364105548106358e-4	2.2860452179744116e-5	8.83822039307762e-4	7.557658850322849e-4	0.002149323145918113	4.687377380540809e-4	5.170859987885414e-4	5.746300818847866e-4	0.0013581229803774646	3.249135310764071e-4
19_Carrageenan	0.979707271561024	0.22179001962433417	0.95133073595264	0.12937491903589854	0.10292509385029483	0.13128008480809125	0.9100096891177366	0.8962901847166046	0.8159173844312793	0.6774067765304657	0.7189778173246538	0.4700136254061419
21_Carrageenan	0	0.003399215026633025	3.1623953247147516e-5	8.839374842834391e-4	2.990710941091922e-4	7.101155966746301e-5	1.450599341139994e-4	4.6449576757395344e-4	0.00197970068107613	0.004586779403616065	0.0068686679467366025	0.00869929776752961
218_Carrageenan	0	0	0	0.0027965953166553636	0.003593316876983578	0.00540195078898915	0	0	0	0	2.3415913454783872e-4	3.878000209621633e-4
256_Carrageenan	0	5.723764134193066e-4	0	0.0015087898438631115	0.0018301365460413254	0.0013745809049916053	5.86883702903967e-5	0	0	0	0	1.467351430667645e-4
276_Carrageenan	0	3.504345388281469e-5	0	6.858135653923234e-5	6.695621509907289e-5	6.0867051143539726e-5	4.429310965312958e-6	0	1.4773885679672611e-5	2.0522502924456666e-5	4.683182690956774e-5	5.2405408238130174e-5
280_Carrageenan	0	5.373329595364919e-4	2.5299162597718014e-5	5.33410550860696e-5	2.8121610341610607e-4	4.057803409569315e-4	3.986379868781663e-5	0	0	3.488825497157633e-4	6.244243587942366e-5	2.725081228382769e-4
29_Carrageenan	0	0.0061910101859639285	0	0.007048639422087769	0.013940283983626973	0.008100390056352744	1.2402070702876284e-4	6.787152768203887e-5	2.65929942234107e-4	6.361975906581566e-4	0.0013893441983171763	0.002693637983439891
299_Carrageenan	0	0.0014017381553125877	0	4.4958889286830095e-4	0.0018792377704473122	0.0028100288611267506	0	0	0	0	0	0
334_Carrageenan	0	0.01665732174563125	0.0010372656665064387	0.026960093270644893	0.031558696050029686	0.04620316407220861	0.0022334800542590594	0.002303389970709194	0.005111764445166723	0.008527099965111746	0.006478402722490204	0.017566292841421235
335_Carrageenan	0	0.012066629286982525	2.5299162597718014e-5	0.0033681066211489665	0.004169140326835605	0.001126040446155485	1.1294742961548044e-4	3.8814029893165973e-4	0.0019501529097167847	0.00547950828082993	0.006197411761032798	0.009412011319568179
35_Carrageenan	0	0.050018689842070835	3.352139044197637e-4	0.06038207435743079	0.0600240149624822	0.07010869840883384	0.0023718960219250894	0.0019428224798983625	0.007963124381343537	0.021907771871857492	0.03637271889976428	0.062027041190650875
368_Carrageenan	8.163741326024841e-4	0.00433370713017475	0	0.0033909670733287102	0.004758355019707446	0.002409320774431781	0.00075630484732718765	1.93009656845798e-4	0.0011228153116551185	0.0018572865146633283	0.0029972369222123355	0.0028613352898019077
54_Carrageenan	0.003207184092366902	0.021586767591813848	0.007090090318010474	0.013967736281823654	0.012735072111843661	0.015546459312912438	0.01880796168646015	0.01847378144095495	0.025662239425591326	0.049787592094731874	0.012067000733698622	0.02662194738497013
55_Carrageenan	0	0.030569572937108682	0	0.03111307541663174	0.0284206814357198	0.01861517314139923	7.972759737563326e-5	3.7329340225121375e-4	0.002496786679864671	0.004894616947482915	0.011988947688849342	0.018824022639136358
6_Carrageenan	0	0.005186431174656574	0	0.004427307572143777	0.01115044168783227	0.012421950687544064	6.201035351438142e-5	5.726660148172029e-5	2.0683439951541655e-4	2.2574753216902333e-4	3.122121793971183e-4	5.554973273241799e-4
60_Carrageenan	0	0	0	2.2860452179744116e-5	2.2318738366357627e-5	5.579479688157808e-5	1.1073277413282396e-6	3.181477860095572e-5	1.4773885679672611e-5	2.0522502924456666e-5	4.683182690956774e-5	3.1443244942878104e-5
76_Carrageenan	0	0	0	0.0012116039655264382	0.0012900230775754707	0.0023028034349305863	7.751294189297678e-6	0	0	0	0	3.249135310764071e-4
1_AgaroseCarrageenan	0.010227272727272727	0.2662837457097485	0.024737429307890586	0.355006163936743	0.4338472064193234	0.4739407865563253	0.028174861483421576	0.026448452918079544	0.024980649861134296	0.028622196872892	0.03976215664100974	0.05839241761875023
10_AgaroseCarrageenan	0	9.605040725372676e-5	0	1.5646431036462494e-4	1.5616982352809942e-4	1.9868350581365215e-4	5.89432248607146e-5	9.341341977188443e-5	2.1247211303516414e-4	1.206530621198743e-4	5.836646846386751e-4	1.1020902979317439e-4
102_AgaroseCarrageenan	0	5.122688386865427e-5	0	6.712823638224231e-4	0.0013125701834623593	0.0021192907286789564	0	4.608395375412965e-4	9.105947701507034e-5	5.813283902139398e-4	0	6.734996265138434e-5
104_AgaroseCarrageenan	0	0	0	3.6971002368415407e-4	1.4873316526485658e-4	8.148903209458486e-4	1.2301194753540438e-4	5.355702733588041e-4	0	6.635918416593087e-4	1.6415569255462736e-4	3.673634326439146e-5
105_AgaroseCarrageenan	0	1.536806516059628e-4	0	0.0015053380827822383	0.0025061538347128333	0.005364454656968608	2.5627489069875913e-5	1.2455122636251256e-4	6.677694981105159e-4	3.7292764655233874e-4	0.0017509940539160251	0
108_AgaroseCarrageenan	0	8.516469443163772e-4	0	7.078748235044725e-4	9.295822829053536e-5	0	2.1783365709394524e-4	4.546119762231709e-4	1.3658921552260552e-4	0.0024349981627829176	0.0011673293692773502	4.7144973855969043e-4
112_AgaroseCarrageenan	0.006893939393939394	0.004764100199784847	0.004116492901935136	0.014484304989318787	0.013731789483077884	0.014446306502421635	0.010028036473042444	0.009783498830775363	0.013218800746687711	0.009410938845350195	0.010943712836975157	0.008204449995714094
117_AgaroseCarrageenan	0	3.8420162901490703e-4	0	6.712823638224231e-4	4.3876283753132694e-4	1.3245567054243477e-4	0	1.556890329531407e-5	1.6694237452762896e-4	0	9.119760697479298e-5	1.4082264918016728e-4
121_AgaroseCarrageenan	0.0014393939393939393	0.002061882075713334	0.010348940099257492	0.002151384267513593	0.002729253582610118	0.002899627396439822	0.011688697764770403	0.008808885484488702	0.008468531362401542	0.00609846386715001	0.009393353518403678	0.0039307887292898865
123_AgaroseCarrageenan	0	6.595461298089237e-4	0	0.002428982237515347	0.002216124162446363	0.002637595526453701	0.001040476056236962	0.0012019193343982464	0.0020033084943315476	0.0018920593832434834	0	0.0018184489915873774
126_AgaroseCarrageenan	0	0	0	8.391029547780289e-4	0	0.0010654043065369753	8.200796502360291e-5	5.293427120406784e-4	0	0	0	0
137_AgaroseCarrageenan	0	0.0011974284104297936	0.0012311006809525642	0.0029841781775188547	0.0041682469565476055	0.005024677067316275	0.0022552190381490804	0.0019180888859826935	0.0035513196035877434	0.0016562374891000927	8.390179841680954e-4	0
141_AgaroseCarrageenan	0	0.0014919829926745556	0.0016927634363097758	0.0023961752046969577	0.002491280518186348	0.003941995934186809	7.944521611661533e-4	8.594034619013367e-4	0.002094367971346618	9.707087270553524e-4	0.0013679641046218946	2.3266350734114593e-4
143_AgaroseCarrageenan	7.575757575757576e-4	0.002337226576507351	0.0026930327395837343	0.0019520184526941513	0.002242152466367713	0.004656104766676457	0.003490464011317099	0.0031542598076306307	0.004067323306673142	0.002133365507483232	0.006402072009630467	0.002779716640338954
15_AgaroseCarrageenan	0	0	0	4.933673012303899e-4	6.953275476132045e-4	0.0011114758441169526	2.050199125590073e-4	1.8682683954376887e-5	1.6694237452762896e-4	4.3873840770863383e-5	3.465509065042133e-4	0
158_AgaroseCarrageenan	0	3.8420162901490703e-4	0	6.2964266832216e-4	0.001353471803910195	0.003720276659583168	4.2029082074596493e-4	2.7089891733846484e-4	0	0	0	0
159_AgaroseCarrageenan	0	0	0	4.1513514604807746e-4	9.518922576950822e-4	0.002341010003282597	3.767240893271759e-4	2.397611107478367e-4	0	2.0291651356524315e-4	0	0
167_AgaroseCarrageenan	0	0	0	9.678074681424784e-4	0.0015207966148331586	0.0040053442983592775	0	8.407207779469598e-5	5.615334415929338e-4	4.826122484794972e-4	0	1.836817163219573e-5
18_AgaroseCarrageenan	0.0027272727272727275	0.02688771067055991	0.00519370599776863	0.0689868809722995	0.07729662598814596	0.10079012686949661	0.023951451284706028	0.027911929827839067	0.03951981302454053	0.040117143154858204	0.05470032466348083	0.04875525023572487
182_AgaroseCarrageenan	0	4.994621177193792e-4	0	8.226994383688344e-4	7.473841554559044e-4	0.0014829276158555196	0.002060450121218023	0.0014603631291004598	0.001699776904281313	0.0026159777559627293	0.0011126108050924744	0
2_AgaroseCarrageenan	0.025075757575757574	0.009822754981814456	0.16431346901088756	0.0064049422533131945	0.003257256319300359	0.009594397701030275	0.3844712792729994	0.3760668590983114	0.19283361915891398	0.10277447200574748	0.03897785722102652	0.023033687226773448
208_AgaroseCarrageenan	0	1.4727729112238102e-4	8.848536144346555e-4	0.002190500345104749	0.0018331362618893574	0.001672972708372926	0.003052233948222221	0.003434500066946284	0.0038093214551304425	0.0033673172791637645	0.0021340240032101557	0.0020511124989285234
21_AgaroseCarrageenan	0	4.5463859433430664e-4	0	7.495145190047355e-4	4.5363615405781256e-4	2.5915239888737237e-5	2.5627489069875913e-5	4.982049054500503e-5	0	1.645269028907377e-5	5.836646846386751e-4	7.95954104061815e-5
222_AgaroseCarrageenan	0	2.497310588596896e-4	0	4.0504067441165e-4	2.045081022391778e-4	1.8140667922116066e-4	7.688246720962773e-5	9.341341977188444e-6	1.5176579502511724e-4	2.7421150481789614e-5	4.195089920840477e-4	5.571678728432705e-4
23_AgaroseCarrageenan	0	3.521848265969981e-4	7.694379255953526e-4	8.668627517782043e-4	4.796644579791625e-4	6.450015261196823e-4	0.001278811704586808	0.0016814415558939198	0.002155074289356665	0.00285179965010612	0.0023346587385547003	4.4083611917269754e-4
26_AgaroseCarrageenan	0	0	0	7.116602503681327e-4	0.0010560054733804818	0.0019781966448402756	0	0.0017904238789611183	6.525929186080041e-4	0.0025337143045173604	0	0
28_AgaroseCarrageenan	0	2.753445007940167e-4	0	3.204994744565704e-4	1.4501483613323516e-4	6.910730636996596e-5	3.562220980712752e-4	3.0826428524721863e-4	0	6.032653105993715e-5	0	0
3_AgaroseCarrageenan	0	9.028738281850315e-4	0	0.0014700074320547424	0.0014315567156742445	0.0021999159194439166	2.8190237976863502e-5	8.095829713563318e-5	2.2764869253767586e-4	0.0011736252406205955	8.390179841680954e-4	0
30_AgaroseCarrageenan	0	0.010213359971312945	0.0010772130958334935	0.0038384228397515246	0.0019893060854174567	3.5417494514607557e-4	8.764601261897561e-4	0.002313539029683671	0.0037637917166229076	0.014226092869952451	0.029967533651916973	0.022813269167187098
302_AgaroseCarrageenan	0	2.36924337892526e-4	0.0037702458354172278	0.0011482461486436184	0.0012791052212777667	0.0013994229539918109	0.002708825594685884	0.0032601283500387664	0.00396108725015556	0.0032137588364657427	0.0017327545325210667	8.143222756940107e-4
309_AgaroseCarrageenan	0	0	0	1.4636983872819752e-4	1.784797983178279e-4	1.2957619944368618e-4	3.0752986883851095e-5	4.982049054500503e-5	0	4.3873840770863383e-5	3.647904278991719e-5	2.387862312185445e-4
31_AgaroseCarrageenan	0	2.6253777982685313e-4	0.004847458931250721	2.889542505927348e-4	1.4873316526485658e-4	0	0.003949196065667878	0.00156000411019047	5.767100210954455e-4	8.390872047427622e-4	0	3.18381641624726e-4
353_AgaroseCarrageenan	0	0.0011397981660775575	0.0044627399684530455	0.003895204242706429	0.0030304382422714528	0.002389961011961323	0.0028369630400352634	0.0025688690437268217	0.0035968493420952784	0.0020949758968087265	2.3711377813446176e-4	0.00159190820812363
36_AgaroseCarrageenan	0	1.536806516059628e-4	0	6.788532175497436e-4	7.659758011140114e-4	0.0015261196823367483	0	3.7365367908753774e-5	1.972955335326524e-4	1.3162152231259016e-4	1.8239521394958596e-4	4.898179101918862e-5
39_AgaroseCarrageenan	0	0	0	3.343793729566581e-4	4.090162044783556e-4	7.515419567733799e-4	3.3572010681537443e-4	2.7089891733846484e-4	3.4906132855776965e-4	7.677922134901092e-4	0	0
4_AgaroseCarrageenan	0.025757575757575757	0.5143371241227396	0.08086792598007156	0.41217872766755875	0.350396745718344	0.262420598584452	0.25287668564809357	0.30851338769994363	0.39202622512938035	0.5250766421155966	0.5391055338707912	0.6578805579025997
435_AgaroseCarrageenan	0	0	0.0016927634363097758	3.003105311837156e-4	1.3385984873837093e-4	2.793086965786124e-4	0.00218089931984644	0.001541321426236093	0.0038093214551304425	2.0291651356524315e-4	7.842994199832197e-4	7.347268652878292e-4
49_AgaroseCarrageenan	0	4.226217919163977e-4	0	0.0032655615743842686	0.003472919408934401	0.004276014581641644	0.00444636935362347	0.004586598910799525	0.005326979405381615	0.003224727296658459	0	6.122723877398577e-4
53_AgaroseCarrageenan	0.9030303030303031	0.0581745299933405	0.5910437425460701	0.03722841139514431	0.026407573492775286	0.035028765916276496	0.045450351865424926	0.03069564973704122	0.09524821295776358	0.04979132504483358	0.10183124794805384	0.05149823053279943
6_AgaroseCarrageenan	9.84848484848485e-4	0.02684929050765842	1.9235948139883816e-4	0.021828033104819733	0.022068283396173095	0.013018088837442338	7.765129188172401e-4	0.0013015603154882564	0.007527583433245815	0.012739866513839454	0.019954036406084705	0.02138667450375323
64_AgaroseCarrageenan	0.005151515151515152	8.324368628656318e-5	0.008963951833185858	0.0019217350377848691	0.001442711703069109	0.002381322598665077	0.003772366391085734	0.004913545880001121	0.008969358485984428	0.002056586286134221	0.005599533068252289	0
65_AgaroseCarrageenan	0.003409090909090909	2.305209774089442e-4	0.005539953064286539	0.0027469580940628104	0.0014018100826212734	0.0032336460438946576	0.00450018708067021	0.004443365000482636	0.0011230668831858676	0.004003487970341284	0	4.469588430500961e-4
7_AgaroseCarrageenan	0.001893939393939394	0.009361713026996567	0.016504443504020312	0.0057349216984453255	0.004008358803887885	0.0019609198182477844	0.010599529479300677	0.006741335126870993	0.0070571094686679514	0.0031150426947313	0.004322766570605188	0.0026450167150361852
74_AgaroseCarrageenan	0.0012121212121212121	0	8.463817181548879e-4	1.5141707454641123e-5	0	3.8584912723231e-4	1.6401593004720583e-4	2.7401269799752763e-4	0	5.593914698285081e-4	1.2767664976471018e-4	0
8_AgaroseCarrageenan	0.01143939393939394	0.058001639260283795	0.06420959489093217	0.029750931530460697	0.02203110010485688	0.016718209199334266	0.1891154928422423	0.1571711925468546	0.16240457725637797	0.16380298451801845	0.11709772735563419	0.08743249696925168
9_AgaroseCarrageenan	0	2.2411761692536244e-4	0	0.002940014864109485	0.003327904572801166	0.006686131891294207	0.001096856532190689	0.001961681815209573	0.002625548253934528	0.002884705030684267	0.005107065990588407	4.163452236631032e-4
104_AgaroseChitosan	0.001154068090017311	0.004004339022960267	0.0030291418039816794	0.0016024946944432413	2.669452564487053e-4	0	0.0018828484436675605	0.0045465489341926235	0.010460445435571947	0.015807907713084383	0.012345801174219935	0.008750046775018398
105_AgaroseChitosan	0	0.0015096381853009664	2.007262641192679e-4	0.0016061039167280234	0.0015349352245800556	0.0019928574577840483	3.630837219193643e-5	8.958717111709603e-5	6.432798696286131e-5	6.433244625013477e-4	3.2324031928227453e-4	3.554901398261217e-4
106_AgaroseChitosan	0	0.001720892585445284	0	0.0014725626921910867	9.80447083870245e-4	5.20259247828579e-4	0.0013019144885965776	0.002161290503199942	0.003638105040455156	0.003700356913858358	0.002727752490269807	0.0012847538386698432
13_AgaroseChitosan	0	1.0444037759943792e-4	6.751701611284465e-4	3.464853393390792e-4	8.725155141332683e-4	0.004179709889334685	1.2967275782834438e-4	7.278957653264053e-5	9.649198044429196e-5	1.865428154772375e-4	1.9790223629527014e-5	3.742001471853912e-5
15_AgaroseChitosan	0.30294287362954414	0.5747092878353071	0.02561997043849565	0.5151262505955216	0.48313878187276926	0.6287024381641021	0.014409236849885628	0.020274696663437796	0.12724790576664666	0.31972800213353914	0.5401279767794709	0.5495004428035075
168_AgaroseChitosan	0	2.611009439985948e-5	1.8247842192660717e-5	3.6092222847820753e-6	9.886861349952049e-6	2.0281292711961553e-4	0	5.599198194818502e-6	0	2.1278648153297054e-6	9.895111814763507e-6	6.23666911975652e-6
177_AgaroseChitosan	0	3.560467418162656e-5	0.0057115746063028045	1.0105822397389811e-4	2.5046715419878524e-4	3.439001807680437e-4	0.0030602770847489276	0.00220608408875849	0.0018726591760299626	8.092979180970647e-4	3.0674846625766873e-4	0
18_AgaroseChitosan	0.2631275245239469	2.9670561818022134e-4	0.018941260195981826	4.980726752999263e-4	1.013403288370085e-4	9.082491953617566e-4	0.004896443335598284	0.002810797493798888	0.0013830517197015182	0.001206499350291943	4.749653671086483e-4	9.10553691484452e-4
181_AgaroseChitosan	0	1.637815012354822e-4	0.002773672013284429	0	0	0	6.742983407073908e-5	1.5117835126009956e-4	9.32755810961489e-4	2.822967321670743e-4	1.7811201266574312e-4	0
183_AgaroseChitosan	0	0.0012248007918479538	0.0147260086494772	0.0010719390185802763	9.845666094327249e-4	0.0010493364490101848	0.004393313035224308	0.0053864286634153985	0.002297938645395546	0.00286694319452089	0.0016293950788310574	9.542103753227476e-4
19_AgaroseChitosan	0.0028851702250432777	0.02021158671043668	0.001423331691027536	0.014065139243795747	0.007936677948674007	8.817953353026762e-4	0.0011099988070106279	0.002732408719071429	0.01032464190753924	0.014139661697865893	0.01873474503595224	0.020250464631849423
20_AgaroseChitosan	0	2.3736449454417708e-6	7.299136877064287e-5	0	3.295620449984016e-6	0	7.261674438387286e-5	5.0392783753366516e-5	1.0721331160476885e-5	6.383594445989117e-6	6.596741209842338e-6	0
203_AgaroseChitosan	0	4.1301422050686815e-4	3.6495684385321435e-4	1.1910433539780847e-4	2.1751094969894508e-4	2.9981041400290993e-4	2.0747641252535104e-5	0	2.5016439374446066e-5	6.596380927522087e-5	2.3088594234448184e-5	2.0581008095196517e-4
21_AgaroseChitosan	0	7.595663825413667e-5	1.6423057973394647e-4	9.383977940433395e-5	4.7786496524768234e-5	5.290772011816058e-5	4.668219281820398e-5	1.5677754945491807e-4	1.5367241330016868e-4	9.220747533095391e-5	8.57576357279504e-5	1.3720672063464344e-4
218_AgaroseChitosan	0	4.889708587610048e-4	0	3.6453145076298957e-4	3.9300273866059394e-4	1.9399497376658878e-4	2.5934551565668875e-4	1.9597193681864756e-4	3.7167281356319866e-4	6.738238581877401e-4	5.83811597071047e-4	5.363535442990607e-4
27_AgaroseChitosan	0	9.613262029039173e-4	0	0.0012740554665280725	9.94453470782677e-4	7.142542215951678e-4	8.817747532327418e-5	1.3438075667564404e-4	0.0010649855619407039	9.405162483757299e-4	7.256415330826572e-4	6.486135884546781e-4
279_AgaroseChitosan	0	2.444854293805024e-4	5.656831079724823e-4	0	3.3368157056088164e-4	0	0	1.9037273862382908e-4	0	7.412062440065141e-4	0	1.7462673535318258e-4
284_AgaroseChitosan	0	3.702886114889163e-4	9.306399518256966e-4	7.182352346716329e-4	0.0019271140581281535	0.001860588157488647	0	3.919438736372951e-4	3.1091860365382965e-4	7.341133612887484e-4	6.695692327989973e-4	3.8667348542490424e-4
288_AgaroseChitosan	0	0	0.003357602963449572	0	8.239051124960041e-6	0	7.62475816030665e-4	6.215109996248537e-4	0.001054264230780227	7.490084149960564e-4	4.6177188468896367e-4	0
298_AgaroseChitosan	0	3.085738429074302e-5	0	0	4.201916073729621e-5	0	0.0026920064525164295	1.6237674764973655e-4	8.469851616776739e-4	3.581905772471671e-4	1.5502341843129494e-4	9.355003679634781e-5
324_AgaroseChitosan	0	2.8246374850757075e-4	0	0	0	0	2.0747641252535104e-5	3.9754307183211365e-4	7.004603024844898e-4	4.0642217972797375e-4	6.43182267959628e-4	1.496800588741565e-4
34_AgaroseChitosan	0	0.0012983837851566486	4.197003704311965e-4	0.0011477326865606998	6.360547468469151e-4	0.0019928574577840483	9.855129594954174e-5	3.5274948627356565e-4	2.037052920490608e-4	6.908467767103777e-4	2.73764760208457e-4	2.120467500717217e-4
353_AgaroseChitosan	0	6.764888094509047e-4	0.008175033302312002	6.71315344969466e-4	2.9660584049856145e-4	0	0.0021888761521424533	0.003180344574656909	0.001347313949166595	0.0011596863243546894	8.905600633287156e-5	0
38_AgaroseChitosan	0	0.001659177816863798	1.2773489534862503e-4	9.853176837455065e-4	1.4995073047427274e-4	5.290772011816058e-5	1.2967275782834438e-4	4.983286393388467e-4	0.0018762329530834549	0.0024583931499775865	0.003450095652747543	0.003149517905477043
415_AgaroseChitosan	0	2.5635365410771126e-4	0	0	3.089644171860015e-4	0.001331510956307041	0	0	0	2.7804100253641485e-4	0	0
425_AgaroseChitosan	0	3.204420676346391e-4	0	1.2632277996737262e-4	2.1751094969894508e-4	0	2.0747641252535104e-5	0	2.144266232095377e-5	1.6313630250861077e-5	9.895111814763507e-6	1.871000735926956e-5
436_AgaroseChitosan	0	6.646205847236958e-5	0.0034488421744128758	9.023055711955188e-5	0	0	1.2448584751521062e-4	2.2396792779274008e-5	1.4652485919318408e-4	4.759324303620775e-4	1.9790223629527014e-5	0
455_AgaroseChitosan	0	1.4241869672650626e-5	5.4743526577982154e-5	0	1.647810224992008e-6	6.172567347118734e-5	1.0373820626267552e-5	5.599198194818502e-6	7.1475541069845895e-06	4.9650179024359795e-6	3.298370604921169e-6	0
49_AgaroseChitosan	0	0.0012485372413023716	1.0948705315596431e-4	0.0017576912526888705	0.0031094178945599194	0.006225475067236894	9.543914976166148e-4	5.991142068455797e-4	6.039683220401979e-4	7.80926387226002e-4	2.1439408931987598e-4	7.79583639969565e-4
5_AgaroseChitosan	0.20657818811309867	0.26821713154502924	0.11215123811609277	0.3526137987786392	0.4028385178935712	0.276760283938098	0.17436836399661815	0.2012183855271925	0.22637018612230894	0.25031988901057123	0.20708490005937066	0.25103840540843947
53_AgaroseChitosan	0	1.3529776189018095e-4	0	3.3204845019995093e-4	1.7302007362416085e-4	0	0	0	0	1.0852110558181498e-4	2.93554983837984e-4	4.7398685310149556e-4
532_AgaroseChitosan	0	0.0012580318210841386	0.0068976843488257516	0.0016999436961323575	0.0011065045660821336	5.378951545346325e-4	0.0014678956186168586	0.001069446855210334	0.0015295765788947023	0.0019782049899848496	0.0010620753347846165	0
57_AgaroseChitosan	0	3.655413215980327e-4	0.021824419262422217	5.7747556556513205e-5	8.1648996648354e-4	5.290772011816058e-5	0.008760691518882946	0.003538693259125293	0.007594276238671127	0.003963502862687465	3.595223959364074e-4	5.176435369397912e-4
6_AgaroseChitosan	0.11194460473167916	0.05142976503288685	0.39658035437309536	0.03591537095586643	0.02119413511384721	0.01596049556897844	0.4319503301468414	0.3911823826827998	0.3184235354661635	0.20403741070060658	0.10884293159179366	0.07765276721008843
617_AgaroseChitosan	0	0	1.2773489534862503e-4	0	0	0	0	1.0638476570155154e-4	0.0011078708865826115	8.532737909472119e-4	0.0011247443762781187	8.419503311671302e-4
62_AgaroseChitosan	0	0.0020033563339528545	0.006715205926899144	0.0017613004749736526	0.0015860173415548078	1.3226930029540144e-4	0.0025312122328092824	0.004468160159465165	0.003452268633673557	0.003369828579210477	0.0027442443432944127	0.0024260642875852867
73_AgaroseChitosan	0	0.0011986906974480944	0.005656831079724822	1.299320022521547e-4	8.14018251146052e-4	0	0.003563407385122904	0.00358908604287866	0.0036774165880435715	0.0034457224242905697	0.0014578798073751568	0.0018959474124059822
78_AgaroseChitosan	0.061165608770917486	0.059277035222517344	0.16631083374390979	0.06211110629881473	0.06560344458249433	0.0532780741589877	0.13655060090355978	0.14430253587686243	0.14504531549303828	0.11666302565353821	0.07399894452140643	0.06965112072944082
8_AgaroseChitosan	0.04558568955568378	0.003607940317071492	0.17724129121731355	0.0021005673697431677	0.0010801396024822613	0.0016313213703099511	0.20130917616303495	0.20164952378819354	0.12235540498041571	0.04369570398279551	0.018520350946632364	0.006598395928702399
85_AgaroseChitosan	0	0	0.001350340322256893	0	0	7.936158017724086e-5	2.1785023315161857e-4	6.775029815730387e-4	0.0015653143494296252	8.717152860134028e-4	2.3088594234448184e-5	1.8710007359269563e-4
95_AgaroseChitosan	0.004616272360069244	9.019850792678729e-5	0.01423331691027536	3.609222284782075e-5	2.3893248262384117e-5	0	5.031303003739762e-4	8.006853418590458e-4	0.0018154787431740858	6.873003353514949e-4	1.9460386569034898e-4	1.7462673535318258e-4
10_AgaroseAlginate	0	0	3.332777870354941e-4	0	0	0	1.5870748623212556e-5	3.386100059256751e-5	3.536292333499569e-4	8.755202405331704e-5	0	0
108_AgaroseAlginate	0.842527305405779	0.15011858810398548	0.17139567647816273	0.03996100032347862	0.03463753527285929	0.06934064453266717	0.052651208557507656	0.028997714382460002	0.06610146438772271	0.03513825745847151	0.11447165718238124	0.07541896898582652
11_AgaroseAlginate	0	0.002092731246802772	1.8178788383754223e-4	0.0013394748711780544	4.1254806184920544e-4	7.255916163071533e-5	4.999285816311955e-4	0.002213662913739101	0.005649000317359569	0.015306656302784796	0.01801490237997925	0.016995439359871828
118_AgaroseAlginate	0	0	0.00122706821590341	0.005202994227501151	0.004661793098896022	0.00690348594943663	0.0011347585265596978	0.0020909167865910436	0.00463344969850841	0.0052979651628360875	0	0.004587949350495662
12_AgaroseAlginate	0	0.01111472817746361	0.006332277953674388	0.007107417683801922	0.005932441129391574	0.0021612264571434494	0.019346442571696106	0.02967493439431135	0.02816339484064016	0.04235169007437651	0.038607853617128304	0.017250325434899367
125_AgaroseAlginate	0	0	0	0	0	0	8.173435540954467e-4	0.0011639718953695081	0.0012059663598857505	0.0014093740457363233	0	6.918336322175999e-4
126_AgaroseAlginate	0	0.005999162907501279	0	0.00220967793374611	9.076057360682519e-4	6.841292382324588e-4	1.507721119205193e-4	1.3544400237027005e-4	2.99224735911502e-4	4.484371963706483e-5	2.5151696167510296e-4	0.002712716084221642
14_AgaroseAlginate	0.008710078805474907	0.2501976468399758	0.020890457650997563	0.24104624833135146	0.24549910064522518	0.12895317860955915	0.09196305289720516	0.11160162532802845	0.21172416919798703	0.20995615992551672	0.24151916244851762	0.2762418868852011
145_AgaroseAlginate	0	0.0025577826349811655	1.5148990319795185e-4	0.008355771815444054	0.009645373686034422	0.008473873519015683	9.12568045834722e-4	0.0016930500296283755	0.001287573106043433	0.0023468213276730595	0.001257584808375515	0.0031405605673035784
16_AgaroseAlginate	0.0033181252592285357	0.04422638701576524	0.015497417097150475	0.04265817421374192	0.037830657271572136	0.020114436163486158	0.04788998397054389	0.05524845509184796	0.04909099152196582	0.11439632879415237	0.07165089445719496	0.05673946091595131
169_AgaroseAlginate	0	5.11556526996233e-4	3.332777870354941e-4	0.0021003330463030038	0.0023185201075925344	0.0019642801612886505	2.3806122934818835e-5	7.61872513332769e-5	2.7202248719227456e-5	1.366665741320071e-4	2.5151696167510296e-4	3.5501989021692625e-4
17_AgaroseAlginate	0.10991289921194525	0.12747058549969773	0.7654330338882913	0.0777624391199559	0.0494810145381937	0.05082250992505675	0.7437032804837405	0.7184838736984678	0.5616992338033278	0.410868836390892	0.27063225076241076	0.29085232082874385
180_AgaroseAlginate	0	0	2.4238384511672298e-4	0.007922948302648425	0.01054472846086569	0.00777937868626455	0.003674078306273707	0.0032337255565901973	0.004343292378836651	0.009654212213293814	0.004338667588895526	0.004251135608494988
2_AgaroseAlginate	0.020600027651043826	0.11854159884667256	0.0028783081607610854	0.2870895580188529	0.3789583986534431	0.5131021114716035	0.005888047739211859	0.009277914162363498	0.0181620347282042	0.042232106822011006	0.04527305310151853	0.08961066152039544
26_AgaroseAlginate	0.002488593944421402	3.255359717248756e-4	0.00531729560224811	0.0015991689788554325	0.0014769220614201555	6.841292382324588e-4	0.011204748527988065	0.010899009565732667	0.00470598902842635	0.011808846171093738	0.004621624170780017	7.737612991907367e-4
267_AgaroseAlginate	0.0015208074104797456	0	0.0014846010513399283	0.0018816432714167909	0.0016254393636858694	0.0024255491173696265	0.0017219762256185625	0.0011978328959620756	0.002747427120641973	0.003540518436107309	0.0030496431603106236	0.0014382857090839577
293_AgaroseAlginate	0	0	1.5148990319795185e-4	0	1.2376441855476163e-4	0	9.522449173927534e-5	2.5395750444425635e-4	5.893820555832616e-4	7.473953272844139e-5	1.5719810104693937e-4	0
349_AgaroseAlginate	0	0	0	3.1892258837572726e-5	2.4752883710952325e-5	4.146237807469447e-5	0	4.232625074070939e-6	7.253932991793988e-5	1.9218736987313497e-5	0	1.8206148216252627e-5
374_AgaroseAlginate	0	0.00441798818769474	0	0.0016902897183913544	0.0010148682321490454	3.420646191162294e-4	4.602517100731642e-4	0.0015576060272581055	0.0033730788411842046	0.007980046680176727	0.00930612758197881	0.007710303769582988
45_AgaroseAlginate	0	0.013719015951262615	3.0297980639590373e-5	0.009289759395687255	0.005222858463010941	9.432691011992993e-4	2.618673522830072e-4	4.486582578515195e-4	0.0023212585573740762	0.00573358986788186	0.012733046184802088	0.014346444794407071
450_AgaroseAlginate	0	9.766079151746268e-4	4.544697095938556e-5	1.8224147907184415e-5	1.4851730226571395e-4	8.810755340872576e-5	6.189591963052897e-4	9.100143909252518e-4	0.0011606292786870381	9.844264167946136e-4	3.143962020938787e-5	5.461844464875789e-5
50_AgaroseAlginate	0.009124844462878473	0.22494535646188904	0.00774113405341534	0.220544081935769	0.1733114407828512	0.16389559773200793	0.015307337047088511	0.017108270549394733	0.025334360973840505	0.020485038213255376	0.058823529411764705	0.10297397431112487
51_AgaroseAlginate	0.0017973178487487903	0.03892480119053155	0	0.03294014734223583	0.025875014439182165	0.007908948617747972	0.0012141122696757605	0.0025438076695166343	0.005358842997687809	0.053327724309353335	0.10000943188606282	0.030440679817574395
60_AgaroseAlginate	0	4.650513881783937e-4	0	0.004104989316093289	0.003118863347579993	0.004234345360878173	2.3806122934818835e-5	5.248455091847965e-4	0	0.002974633402591967	1.5719810104693937e-4	0.0018934394144902733
65_AgaroseAlginate	0	0	7.574495159897593e-5	0.0012392420576885401	0.0020214855030611066	0.0026173126159650885	0	6.772200118513502e-5	5.98449471823004e-4	0.0010420826277565542	0.00147766214984123	7.555551509744841e-4
7_AgaroseAlginate	0	0	2.575328354365182e-4	0.0015080482393195103	0.002813577781811581	0.004130689415691437	0	1.7353762803690848e-4	5.803146393435191e-4	6.577078880102841e-4	6.287924041877575e-4	6.37215187568842e-5
80_AgaroseAlginate	0	9.766079151746268e-4	0	9.157634323360168e-4	0.0013119028366804734	0.002036839322919366	2.6980272659461344e-4	5.0791500888851265e-5	4.533708119871243e-5	2.776039787056394e-5	0	0
81_AgaroseAlginate	0	0	0	2.460259967469896e-4	0	0	1.507721119205193e-4	3.259121307034623e-4	3.536292333499569e-4	0.0016101030764927085	0.0018549375923538843	7.282459286501051e-5
93_AgaroseAlginate	0	0.0024182672185276474	0	0.0012346860207117442	0.0010808759220449183	2.798710520041877e-4	0	8.465250148141878e-6	1.813483247948497e-5	5.060934073325888e-4	8.803093658628604e-4	6.09905965244463e-4
1_Agarose	0.02527727624451896	0.5444724065177051	0.05935072694682334	0.7508103651443222	0.7889435612056402	0.783874574401886	0.030349307929120307	0.04837209302325581	0.05332325468387236	0.18761142857142857	0.3700034126237076	0.5375879193412074
10_Agarose	0	0	0	0	3.1393439101685e-4	4.047292614196891e-5	0.0010181077739800741	0.003672814755412991	0.0029804006263160735	0.0029165714285714285	0.0014513026097196023	2.0255498669423277e-4
109_Agarose	0.012122775341759092	0.2961861426743605	0.23349930292770366	0.1658415562022581	0.13058679294539854	0.10941855582481294	0.22362010035633773	0.43781876503608663	0.43812969062145674	0.6249874285714285	0.4993418511421039	0.3341877894266297
11_Agarose	0.0018055197317513542	0.004279044544430039	0.0010754829715196176	0.009931443673504731	0.017762077386479672	0.029697009556669686	2.9088793542287835e-4	0.0015557337610264635	5.507262026888396e-4	4.8457142857142856e-4	0.001728812669459268	0.0016064705841266737
120_Agarose	0	2.5420066600574492e-5	0	2.1082670421389876e-4	2.7097494803559686e-4	5.81798313290803e-4	0	0	0	4.5714285714285716e-5	0	0
141_Agarose	0.0030482800665931954	4.8298126541091536e-4	0.002150965943039235	5.609496237119806e-4	4.5933558264570686e-4	6.374485867360102e-4	0.00535718614403801	0.006463512429831596	0.005496463473894498	0.0020114285714285716	7.650277322552942e-4	7.892659826361484e-4
147_Agarose	0.002321382512251741	9.320691086877314e-4	0.0027882891854212307	0.0021496794304667177	0.0015861948177693474	0.0015986805826077718	0.0036360991927859793	0.009943865276663993	0.006986663787052535	0.004973714285714285	0.004357657965101235	0.0025913068987434605
154_Agarose	0.004947593031162802	0.0012794766855622494	0.017884883489344753	3.9153530782581197e-4	9.252803103654527e-5	0.0014671435726463728	0.004702688289336533	0.0016038492381716118	0.0016953728200421144	6.308571428571429e-4	2.58759380027526e-4	0.002270012781918126
165_Agarose	0.0021572443548198	2.965674436733691e-4	0	1.807086036119132e-4	7.005693778481285e-4	8.145176386071243e-4	0	1.924619085805934e-4	2.1597105987797635e-4	0	3.1876155510637263e-4	5.028951393787848e-4
170_Agarose	0.0010317255610007739	0.0026352135709262225	0	0.0020969727544132427	0.0022537184702472813	0.0022513065166470205	0.0016241243061110707	0	0.002786026672425895	0.0019748571428571428	0.002100076127759631	0.0019836419386607624
173_Agarose	6.565526297277652e-4	1.609937551369718e-4	6.771559450308703e-4	2.258857545148915e-5	1.0905089372164264e-4	8.094585228393782e-5	5.090538869900371e-4	3.207698476343224e-5	1.4038118892068462e-4	1.1885714285714285e-4	1.5000543769711652e-5	6.984654713594233e-5
188_Agarose	0	0.005812721895998034	0	5.873029617387179e-4	6.906556602370701e-4	2.327193253163212e-4	0	0	4.859348847254468e-4	0.0031725714285714287	0.005077684066047394	0.004155869554588569
193_Agarose	0	0	0.0038239394542919736	0	1.7514234446203212e-4	6.070938921295336e-5	0.002108937531815868	0.0052445870088211706	0.0041358457966632475	0.0027794285714285716	0	1.676317131262616e-4
200_Agarose	8.675874035688325e-4	0.0010252760195565045	0	0.002255092782573667	0.0010343312040870954	8.600496805168393e-4	0	0	0	0	9.562846653191178e-4	0.0027379846477289397
201_Agarose	0	2.542006660057449e-4	0	1.6188479073567225e-4	6.278687820337e-4	0.0011737148581170984	0	0	0	0	0	3.0034015268455203e-4
208_Agarose	3.517246230684456e-4	0.00226238592745113	0	0.0011106049596982166	0.0011301638076606601	0.0027319225145829014	0	3.849238171611868e-4	0	9.142857142857143e-5	4.687669928034891e-4	3.981253186748713e-4
213_Agarose	0	7.795487090842845e-4	0	4.668305593307758e-4	1.2557375640674e-4	2.5295578838730566e-5	0	7.698476343223736e-4	0.0016305815020787214	0.0026605714285714284	0.0017025617178622725	4.0510997338846555e-4
27_Agarose	0.002860693600956691	0.006939678181956837	0.002668791077474607	0.005673497200899025	0.008106116433308769	0.010335773513505309	0.007684289627421036	0.01640737770649559	0.018130770476756115	0.011529142857142858	0.008047791732450302	0.00783678258865273
29_Agarose	0	1.101536219358228e-4	6.771559450308703e-4	5.609496237119806e-4	0.0012854787169005754	0.0027369816303506474	0	0	2.483667188596728e-4	6.4e-5	1.72506253351684e-4	1.1175447541750773e-4
316_Agarose	0.004525523483480667	9.320691086877314e-5	0	3.463581569228337e-4	4.2628985727551213e-4	4.3002484025841963e-4	0	0	1.727768479023811e-4	0	1.5750570958197234e-4	0
32_Agarose	0.020071751823105964	2.796207326063194e-4	0.002350129456283609	0	5.915184841264858e-4	2.7825136722603623e-4	0	0.0013311948676824378	0	1.28e-4	8.6253126675842e-5	2.09539641407827e-4
336_Agarose	0	9.659625308218307e-4	0.004580760804620594	6.437744003674409e-4	5.71691048904369e-4	4.704977664003885e-4	0.004411800353913655	0.004330392943063352	0.0051077155661141405	0.0035657142857142858	0.002538842033023697	7.19419435500206e-4
4_Agarose	0.0010082772527962107	0.0226238592745113	0.014459271061541526	0.002217445156821185	0.0017514234446203212	0.0011433601635106217	0.01718662885123506	0.017417802726543703	0.02266616273419362	0.038784	0.037253850452078886	0.02568956003659959
48_Agarose	0.8784674185757497	0.09522356948575206	0.5947819159529975	0.04740212558494999	0.03312833968362022	0.039891127828678104	0.6516616973311032	0.361523656776263	0.3421089573997084	0.07986285714285714	0.04230153343058686	0.0612833604570758
50_Agarose	0.012075878725349966	7.456552869501851e-4	0.001473809998008365	8.320125291298504e-4	0.0011632095330308548	0.001426670646504404	0	1.4434643143544507e-4	7.66697262566816e-4	0	5.850212070187545e-4	5.587723770875386e-4
59_Agarose	0	0.0015252039960344697	3.983270264887473e-5	1.6564955331092044e-4	8.591888596250632e-5	0	5.817758708457567e-4	3.207698476343224e-5	1.9437395389017872e-4	9.508571428571428e-4	0.001946320554120087	0.0023747826026220393
60_Agarose	0	4.1519442114271675e-4	0	3.764762575248192e-4	5.287316059231158e-4	9.005226066588082e-4	0	0	4.319421197559527e-5	0	0	0
64_Agarose	0	2.0336053280459594e-4	0	1.5435526558517588e-4	1.5861948177693473e-4	8.094585228393782e-5	0	1.1226944667201283e-4	1.0798552993898818e-4	6.034285714285714e-4	0.0010950396951889506	0.0011105600994614831
89_Agarose	0.01381105353248763	4.8298126541091536e-4	0	4.065943581268047e-4	5.58472758756291e-4	8.600496805168393e-4	0.001381717693258672	0.002598235765838011	8.530856865180066e-4	0.001472	3.45012506703368e-4	7.543427090681772e-4
90_Agarose	0.004103453935798532	0.009041070354270994	0.05771758613821948	0.003745938762371951	0.0034301462934262137	0.004092824656106606	0.04050614500763581	0.07873295910184443	0.08793261702931807	0.027181714285714285	0.016748107118883058	0.00902417388996375
92_Agarose	0	1.5252039960344697e-4	0	0	0	0	0.003175526628366422	0.0012349639133921412	0.0031099832622428596	0.001142857142857143	1.762563892941119e-4	2.7240153383017513e-4
95_Agarose	0.00848828757005182	3.1351415474041876e-4	0	6.964810764209155e-4	0.0013515701676409648	0.0018061043290853625	1.939252902819189e-4	8.019246190858059e-5	0	2.56e-4	0	9.778516599031927e-5
